-- Valleycom seed data
-- Run after migrations: make seed

BEGIN;

-- ── Organization ────────────────────────────────────────────────────────────

INSERT INTO organizations (id, name, slug, timezone) VALUES
    ('00000000-0000-0000-0000-000000000a01', 'Valley Communications Center', 'valleycom', 'America/Los_Angeles');

-- ── Classifications ─────────────────────────────────────────────────────────

INSERT INTO classifications (id, org_id, name, abbreviation, display_order) VALUES
    ('00000000-0000-0000-0000-000000000c01', '00000000-0000-0000-0000-000000000a01', 'Communications Officer I',  'COI',  1),
    ('00000000-0000-0000-0000-000000000c02', '00000000-0000-0000-0000-000000000a01', 'Communications Officer II', 'COII', 2),
    ('00000000-0000-0000-0000-000000000c03', '00000000-0000-0000-0000-000000000a01', 'Supervisor',                'SUP',  3);

-- ── Admin User ──────────────────────────────────────────────────────────────
-- password: "admin123" (argon2 hash)

INSERT INTO users (id, org_id, employee_id, first_name, last_name, email, password_hash, role, classification_id, seniority_date) VALUES
    ('00000000-0000-0000-0000-0000000000a1',
     '00000000-0000-0000-0000-000000000a01',
     'ADMIN001',
     'System', 'Admin',
     'admin@valleycom.org',
     '$argon2id$v=19$m=19456,t=2,p=1$YWRtaW5zYWx0MTIzNDU2$YJFm3M8XT9UE6MqBRalYKxyaJE4LQiErVpyn9ztDBDg',
     'admin',
     '00000000-0000-0000-0000-000000000c03',
     '2000-01-01');

-- ── Shift Templates ─────────────────────────────────────────────────────────
-- 10 Valleycom time patterns

INSERT INTO shift_templates (id, org_id, name, start_time, end_time, crosses_midnight, duration_minutes, color) VALUES
    ('00000000-0000-0000-0000-0000000000b1', '00000000-0000-0000-0000-000000000a01', '04-1400', '04:00', '14:00', false, 600, '#2196F3'),
    ('00000000-0000-0000-0000-0000000000b2', '00000000-0000-0000-0000-000000000a01', '06-1600', '06:00', '16:00', false, 600, '#4CAF50'),
    ('00000000-0000-0000-0000-0000000000b3', '00000000-0000-0000-0000-000000000a01', '06-1800', '06:00', '18:00', false, 720, '#8BC34A'),
    ('00000000-0000-0000-0000-0000000000b4', '00000000-0000-0000-0000-000000000a01', '08-1800', '08:00', '18:00', false, 600, '#FF9800'),
    ('00000000-0000-0000-0000-0000000000b5', '00000000-0000-0000-0000-000000000a01', '12-2200', '12:00', '22:00', false, 600, '#9C27B0'),
    ('00000000-0000-0000-0000-0000000000b6', '00000000-0000-0000-0000-000000000a01', '12-2400', '12:00', '00:00', true,  720, '#E91E63'),
    ('00000000-0000-0000-0000-0000000000b7', '00000000-0000-0000-0000-000000000a01', '14-2400', '14:00', '00:00', true,  600, '#F44336'),
    ('00000000-0000-0000-0000-0000000000b8', '00000000-0000-0000-0000-000000000a01', '16-0400', '16:00', '04:00', true,  720, '#673AB7'),
    ('00000000-0000-0000-0000-0000000000b9', '00000000-0000-0000-0000-000000000a01', '18-0400', '18:00', '04:00', true,  600, '#3F51B5'),
    ('00000000-0000-0000-0000-0000000000ba', '00000000-0000-0000-0000-000000000a01', '22-0800', '22:00', '08:00', true,  600, '#00BCD4');

-- ── Leave Types ─────────────────────────────────────────────────────────────
-- All 26 Valleycom leave codes

INSERT INTO leave_types (org_id, code, name, requires_approval, is_reported, draws_from, display_order) VALUES
    ('00000000-0000-0000-0000-000000000a01', 'bid_vacation',      'BID Vacation',             true,  false, 'vacation',  1),
    ('00000000-0000-0000-0000-000000000a01', 'posted_vacation',   'Posted Vacation',          true,  false, 'vacation',  2),
    ('00000000-0000-0000-0000-000000000a01', 'sick',              'Sick',                     false, true,  'sick',      3),
    ('00000000-0000-0000-0000-000000000a01', 'sick_family',       'Sick (Family)',             false, true,  'sick',      4),
    ('00000000-0000-0000-0000-000000000a01', 'fmla_sick',         'FMLA Sick',                false, true,  'sick',      5),
    ('00000000-0000-0000-0000-000000000a01', 'fmla_family',       'FMLA (Family)',            false, true,  'sick',      6),
    ('00000000-0000-0000-0000-000000000a01', 'fmla_military',     'FMLA (Military)',          false, true,  'sick',      7),
    ('00000000-0000-0000-0000-000000000a01', 'kin_care',          'Kin Care',                 false, true,  'sick',      8),
    ('00000000-0000-0000-0000-000000000a01', 'bereavement',       'Bereavement',              false, true,  NULL,        9),
    ('00000000-0000-0000-0000-000000000a01', 'holiday',           'Holiday',                  true,  false, 'holiday',  10),
    ('00000000-0000-0000-0000-000000000a01', 'holiday_personal',  'Holiday (Personal)',       true,  false, 'holiday',  11),
    ('00000000-0000-0000-0000-000000000a01', 'comp_time',         'Comp Time',                true,  false, 'comp',     12),
    ('00000000-0000-0000-0000-000000000a01', 'comp_earned',       'Comp Time Earned',         false, false, 'comp',     13),
    ('00000000-0000-0000-0000-000000000a01', 'military_leave',    'Military Leave',           true,  false, NULL,       14),
    ('00000000-0000-0000-0000-000000000a01', 'jury_duty',         'Jury Duty',                false, true,  NULL,       15),
    ('00000000-0000-0000-0000-000000000a01', 'admin_leave',       'Administrative Leave',     true,  false, NULL,       16),
    ('00000000-0000-0000-0000-000000000a01', 'union_business',    'Union Business',           true,  false, NULL,       17),
    ('00000000-0000-0000-0000-000000000a01', 'training',          'Training',                 true,  false, NULL,       18),
    ('00000000-0000-0000-0000-000000000a01', 'light_duty',        'Light Duty',               true,  false, NULL,       19),
    ('00000000-0000-0000-0000-000000000a01', 'workers_comp',      'Workers Comp',             false, true,  NULL,       20),
    ('00000000-0000-0000-0000-000000000a01', 'lwop',              'Leave Without Pay',        true,  false, NULL,       21),
    ('00000000-0000-0000-0000-000000000a01', 'donation_received', 'Shared Leave (Received)',  true,  false, NULL,       22),
    ('00000000-0000-0000-0000-000000000a01', 'donation_given',    'Shared Leave (Given)',     true,  false, NULL,       23),
    ('00000000-0000-0000-0000-000000000a01', 'covid',             'COVID',                    false, true,  'sick',     24),
    ('00000000-0000-0000-0000-000000000a01', 'suspension',        'Suspension',               true,  false, NULL,       25),
    ('00000000-0000-0000-0000-000000000a01', 'other',             'Other',                    true,  false, NULL,       26);

-- ── OT Reasons ──────────────────────────────────────────────────────────────
-- All 29 Valleycom OT reason codes

INSERT INTO ot_reasons (org_id, code, name, display_order) VALUES
    ('00000000-0000-0000-0000-000000000a01', 'sick_coverage',        'Sick Coverage',            1),
    ('00000000-0000-0000-0000-000000000a01', 'vacation_coverage',    'Vacation Coverage',        2),
    ('00000000-0000-0000-0000-000000000a01', 'fmla_coverage',        'FMLA Coverage',            3),
    ('00000000-0000-0000-0000-000000000a01', 'training_coverage',    'Training Coverage',        4),
    ('00000000-0000-0000-0000-000000000a01', 'military_coverage',    'Military Leave Coverage',  5),
    ('00000000-0000-0000-0000-000000000a01', 'bereavement_coverage', 'Bereavement Coverage',     6),
    ('00000000-0000-0000-0000-000000000a01', 'jury_duty_coverage',   'Jury Duty Coverage',       7),
    ('00000000-0000-0000-0000-000000000a01', 'admin_leave_cov',      'Admin Leave Coverage',     8),
    ('00000000-0000-0000-0000-000000000a01', 'union_business_cov',   'Union Business Coverage',  9),
    ('00000000-0000-0000-0000-000000000a01', 'light_duty_cov',       'Light Duty Coverage',     10),
    ('00000000-0000-0000-0000-000000000a01', 'workers_comp_cov',     'Workers Comp Coverage',   11),
    ('00000000-0000-0000-0000-000000000a01', 'lwop_coverage',        'LWOP Coverage',           12),
    ('00000000-0000-0000-0000-000000000a01', 'covid_coverage',       'COVID Coverage',          13),
    ('00000000-0000-0000-0000-000000000a01', 'suspension_cov',       'Suspension Coverage',     14),
    ('00000000-0000-0000-0000-000000000a01', 'vacancy',              'Vacancy',                 15),
    ('00000000-0000-0000-0000-000000000a01', 'special_event',        'Special Event',           16),
    ('00000000-0000-0000-0000-000000000a01', 'high_call_volume',     'High Call Volume',        17),
    ('00000000-0000-0000-0000-000000000a01', 'natural_disaster',     'Natural Disaster',        18),
    ('00000000-0000-0000-0000-000000000a01', 'major_incident',       'Major Incident',          19),
    ('00000000-0000-0000-0000-000000000a01', 'staffing_minimum',     'Staffing Minimum',        20),
    ('00000000-0000-0000-0000-000000000a01', 'holdover',             'Holdover',                21),
    ('00000000-0000-0000-0000-000000000a01', 'early_report',         'Early Report',            22),
    ('00000000-0000-0000-0000-000000000a01', 'shift_extension',      'Shift Extension',         23),
    ('00000000-0000-0000-0000-000000000a01', 'court_time',           'Court Time',              24),
    ('00000000-0000-0000-0000-000000000a01', 'callback',             'Callback',                25),
    ('00000000-0000-0000-0000-000000000a01', 'meeting',              'Meeting',                 26),
    ('00000000-0000-0000-0000-000000000a01', 'project_work',         'Project Work',            27),
    ('00000000-0000-0000-0000-000000000a01', 'comp_time_earn',       'Comp Time Earning',       28),
    ('00000000-0000-0000-0000-000000000a01', 'other',                'Other',                   29);

-- ── Teams ───────────────────────────────────────────────────────────────────
-- Teams 1-10

INSERT INTO teams (id, org_id, name) VALUES
    ('00000000-0000-0000-0000-0000000000d1', '00000000-0000-0000-0000-000000000a01', 'Team 1'),
    ('00000000-0000-0000-0000-0000000000d2', '00000000-0000-0000-0000-000000000a01', 'Team 2'),
    ('00000000-0000-0000-0000-0000000000d3', '00000000-0000-0000-0000-000000000a01', 'Team 3'),
    ('00000000-0000-0000-0000-0000000000d4', '00000000-0000-0000-0000-000000000a01', 'Team 4'),
    ('00000000-0000-0000-0000-0000000000d5', '00000000-0000-0000-0000-000000000a01', 'Team 5'),
    ('00000000-0000-0000-0000-0000000000d6', '00000000-0000-0000-0000-000000000a01', 'Team 6'),
    ('00000000-0000-0000-0000-0000000000d7', '00000000-0000-0000-0000-000000000a01', 'Team 7'),
    ('00000000-0000-0000-0000-0000000000d8', '00000000-0000-0000-0000-000000000a01', 'Team 8'),
    ('00000000-0000-0000-0000-0000000000d9', '00000000-0000-0000-0000-000000000a01', 'Team 9'),
    ('00000000-0000-0000-0000-0000000000da', '00000000-0000-0000-0000-000000000a01', 'Team 10');

-- ── Shift Slots ─────────────────────────────────────────────────────────────
-- Representative slots for each team based on March 2026 schedule data.
-- Team 1: 9 slots (typical pattern)

-- Team 1 slots
INSERT INTO shift_slots (team_id, shift_template_id, classification_id, days_of_week, label) VALUES
    -- COII dispatchers
    ('00000000-0000-0000-0000-0000000000d1', '00000000-0000-0000-0000-0000000000b1', '00000000-0000-0000-0000-000000000c02', '{0,5,6}', 'T1 COII 04-14 FSS'),
    ('00000000-0000-0000-0000-0000000000d1', '00000000-0000-0000-0000-0000000000b2', '00000000-0000-0000-0000-000000000c02', '{0,5,6}', 'T1 COII 06-16 FSS'),
    ('00000000-0000-0000-0000-0000000000d1', '00000000-0000-0000-0000-0000000000b4', '00000000-0000-0000-0000-000000000c02', '{0,5,6}', 'T1 COII 08-18 FSS'),
    ('00000000-0000-0000-0000-0000000000d1', '00000000-0000-0000-0000-0000000000b5', '00000000-0000-0000-0000-000000000c02', '{0,5,6}', 'T1 COII 12-22 FSS'),
    ('00000000-0000-0000-0000-0000000000d1', '00000000-0000-0000-0000-0000000000b7', '00000000-0000-0000-0000-000000000c02', '{0,5,6}', 'T1 COII 14-24 FSS'),
    ('00000000-0000-0000-0000-0000000000d1', '00000000-0000-0000-0000-0000000000b9', '00000000-0000-0000-0000-000000000c02', '{0,5,6}', 'T1 COII 18-04 FSS'),
    ('00000000-0000-0000-0000-0000000000d1', '00000000-0000-0000-0000-0000000000ba', '00000000-0000-0000-0000-000000000c02', '{0,5,6}', 'T1 COII 22-08 FSS'),
    -- COI slots
    ('00000000-0000-0000-0000-0000000000d1', '00000000-0000-0000-0000-0000000000b4', '00000000-0000-0000-0000-000000000c01', '{0,5,6}', 'T1 COI 08-18 FSS'),
    -- Supervisor slot
    ('00000000-0000-0000-0000-0000000000d1', '00000000-0000-0000-0000-0000000000b4', '00000000-0000-0000-0000-000000000c03', '{0,5,6}', 'T1 SUP 08-18 FSS');

-- Team 2 slots (different day pattern)
INSERT INTO shift_slots (team_id, shift_template_id, classification_id, days_of_week, label) VALUES
    ('00000000-0000-0000-0000-0000000000d2', '00000000-0000-0000-0000-0000000000b1', '00000000-0000-0000-0000-000000000c02', '{1,2,3}', 'T2 COII 04-14 MTW'),
    ('00000000-0000-0000-0000-0000000000d2', '00000000-0000-0000-0000-0000000000b2', '00000000-0000-0000-0000-000000000c02', '{1,2,3}', 'T2 COII 06-16 MTW'),
    ('00000000-0000-0000-0000-0000000000d2', '00000000-0000-0000-0000-0000000000b4', '00000000-0000-0000-0000-000000000c02', '{1,2,3}', 'T2 COII 08-18 MTW'),
    ('00000000-0000-0000-0000-0000000000d2', '00000000-0000-0000-0000-0000000000b5', '00000000-0000-0000-0000-000000000c02', '{1,2,3}', 'T2 COII 12-22 MTW'),
    ('00000000-0000-0000-0000-0000000000d2', '00000000-0000-0000-0000-0000000000b7', '00000000-0000-0000-0000-000000000c02', '{1,2,3}', 'T2 COII 14-24 MTW'),
    ('00000000-0000-0000-0000-0000000000d2', '00000000-0000-0000-0000-0000000000b9', '00000000-0000-0000-0000-000000000c02', '{1,2,3}', 'T2 COII 18-04 MTW'),
    ('00000000-0000-0000-0000-0000000000d2', '00000000-0000-0000-0000-0000000000ba', '00000000-0000-0000-0000-000000000c02', '{1,2,3}', 'T2 COII 22-08 MTW'),
    ('00000000-0000-0000-0000-0000000000d2', '00000000-0000-0000-0000-0000000000b4', '00000000-0000-0000-0000-000000000c01', '{1,2,3}', 'T2 COI 08-18 MTW'),
    ('00000000-0000-0000-0000-0000000000d2', '00000000-0000-0000-0000-0000000000b4', '00000000-0000-0000-0000-000000000c03', '{1,2,3}', 'T2 SUP 08-18 MTW');

-- Team 3 slots
INSERT INTO shift_slots (team_id, shift_template_id, classification_id, days_of_week, label) VALUES
    ('00000000-0000-0000-0000-0000000000d3', '00000000-0000-0000-0000-0000000000b1', '00000000-0000-0000-0000-000000000c02', '{3,4,5}', 'T3 COII 04-14 WTF'),
    ('00000000-0000-0000-0000-0000000000d3', '00000000-0000-0000-0000-0000000000b2', '00000000-0000-0000-0000-000000000c02', '{3,4,5}', 'T3 COII 06-16 WTF'),
    ('00000000-0000-0000-0000-0000000000d3', '00000000-0000-0000-0000-0000000000b4', '00000000-0000-0000-0000-000000000c02', '{3,4,5}', 'T3 COII 08-18 WTF'),
    ('00000000-0000-0000-0000-0000000000d3', '00000000-0000-0000-0000-0000000000b5', '00000000-0000-0000-0000-000000000c02', '{3,4,5}', 'T3 COII 12-22 WTF'),
    ('00000000-0000-0000-0000-0000000000d3', '00000000-0000-0000-0000-0000000000b7', '00000000-0000-0000-0000-000000000c02', '{3,4,5}', 'T3 COII 14-24 WTF'),
    ('00000000-0000-0000-0000-0000000000d3', '00000000-0000-0000-0000-0000000000b9', '00000000-0000-0000-0000-000000000c02', '{3,4,5}', 'T3 COII 18-04 WTF'),
    ('00000000-0000-0000-0000-0000000000d3', '00000000-0000-0000-0000-0000000000ba', '00000000-0000-0000-0000-000000000c02', '{3,4,5}', 'T3 COII 22-08 WTF'),
    ('00000000-0000-0000-0000-0000000000d3', '00000000-0000-0000-0000-0000000000b4', '00000000-0000-0000-0000-000000000c01', '{3,4,5}', 'T3 COI 08-18 WTF'),
    ('00000000-0000-0000-0000-0000000000d3', '00000000-0000-0000-0000-0000000000b4', '00000000-0000-0000-0000-000000000c03', '{3,4,5}', 'T3 SUP 08-18 WTF');

-- Teams 4-10 follow similar patterns (abbreviated — 9 slots each with rotating day patterns)
-- Team 4
INSERT INTO shift_slots (team_id, shift_template_id, classification_id, days_of_week, label) VALUES
    ('00000000-0000-0000-0000-0000000000d4', '00000000-0000-0000-0000-0000000000b1', '00000000-0000-0000-0000-000000000c02', '{0,1,4}', 'T4 COII 04-14 SMF'),
    ('00000000-0000-0000-0000-0000000000d4', '00000000-0000-0000-0000-0000000000b2', '00000000-0000-0000-0000-000000000c02', '{0,1,4}', 'T4 COII 06-16 SMF'),
    ('00000000-0000-0000-0000-0000000000d4', '00000000-0000-0000-0000-0000000000b4', '00000000-0000-0000-0000-000000000c02', '{0,1,4}', 'T4 COII 08-18 SMF'),
    ('00000000-0000-0000-0000-0000000000d4', '00000000-0000-0000-0000-0000000000b5', '00000000-0000-0000-0000-000000000c02', '{0,1,4}', 'T4 COII 12-22 SMF'),
    ('00000000-0000-0000-0000-0000000000d4', '00000000-0000-0000-0000-0000000000b7', '00000000-0000-0000-0000-000000000c02', '{0,1,4}', 'T4 COII 14-24 SMF'),
    ('00000000-0000-0000-0000-0000000000d4', '00000000-0000-0000-0000-0000000000b9', '00000000-0000-0000-0000-000000000c02', '{0,1,4}', 'T4 COII 18-04 SMF'),
    ('00000000-0000-0000-0000-0000000000d4', '00000000-0000-0000-0000-0000000000ba', '00000000-0000-0000-0000-000000000c02', '{0,1,4}', 'T4 COII 22-08 SMF'),
    ('00000000-0000-0000-0000-0000000000d4', '00000000-0000-0000-0000-0000000000b4', '00000000-0000-0000-0000-000000000c01', '{0,1,4}', 'T4 COI 08-18 SMF'),
    ('00000000-0000-0000-0000-0000000000d4', '00000000-0000-0000-0000-0000000000b4', '00000000-0000-0000-0000-000000000c03', '{0,1,4}', 'T4 SUP 08-18 SMF');

-- Team 5
INSERT INTO shift_slots (team_id, shift_template_id, classification_id, days_of_week, label) VALUES
    ('00000000-0000-0000-0000-0000000000d5', '00000000-0000-0000-0000-0000000000b1', '00000000-0000-0000-0000-000000000c02', '{2,3,6}', 'T5 COII 04-14 TWS'),
    ('00000000-0000-0000-0000-0000000000d5', '00000000-0000-0000-0000-0000000000b2', '00000000-0000-0000-0000-000000000c02', '{2,3,6}', 'T5 COII 06-16 TWS'),
    ('00000000-0000-0000-0000-0000000000d5', '00000000-0000-0000-0000-0000000000b4', '00000000-0000-0000-0000-000000000c02', '{2,3,6}', 'T5 COII 08-18 TWS'),
    ('00000000-0000-0000-0000-0000000000d5', '00000000-0000-0000-0000-0000000000b5', '00000000-0000-0000-0000-000000000c02', '{2,3,6}', 'T5 COII 12-22 TWS'),
    ('00000000-0000-0000-0000-0000000000d5', '00000000-0000-0000-0000-0000000000b7', '00000000-0000-0000-0000-000000000c02', '{2,3,6}', 'T5 COII 14-24 TWS'),
    ('00000000-0000-0000-0000-0000000000d5', '00000000-0000-0000-0000-0000000000b9', '00000000-0000-0000-0000-000000000c02', '{2,3,6}', 'T5 COII 18-04 TWS'),
    ('00000000-0000-0000-0000-0000000000d5', '00000000-0000-0000-0000-0000000000ba', '00000000-0000-0000-0000-000000000c02', '{2,3,6}', 'T5 COII 22-08 TWS'),
    ('00000000-0000-0000-0000-0000000000d5', '00000000-0000-0000-0000-0000000000b4', '00000000-0000-0000-0000-000000000c01', '{2,3,6}', 'T5 COI 08-18 TWS'),
    ('00000000-0000-0000-0000-0000000000d5', '00000000-0000-0000-0000-0000000000b4', '00000000-0000-0000-0000-000000000c03', '{2,3,6}', 'T5 SUP 08-18 TWS');

-- Team 6
INSERT INTO shift_slots (team_id, shift_template_id, classification_id, days_of_week, label) VALUES
    ('00000000-0000-0000-0000-0000000000d6', '00000000-0000-0000-0000-0000000000b1', '00000000-0000-0000-0000-000000000c02', '{0,4,5}', 'T6 COII 04-14 SFS'),
    ('00000000-0000-0000-0000-0000000000d6', '00000000-0000-0000-0000-0000000000b2', '00000000-0000-0000-0000-000000000c02', '{0,4,5}', 'T6 COII 06-16 SFS'),
    ('00000000-0000-0000-0000-0000000000d6', '00000000-0000-0000-0000-0000000000b4', '00000000-0000-0000-0000-000000000c02', '{0,4,5}', 'T6 COII 08-18 SFS'),
    ('00000000-0000-0000-0000-0000000000d6', '00000000-0000-0000-0000-0000000000b5', '00000000-0000-0000-0000-000000000c02', '{0,4,5}', 'T6 COII 12-22 SFS'),
    ('00000000-0000-0000-0000-0000000000d6', '00000000-0000-0000-0000-0000000000b7', '00000000-0000-0000-0000-000000000c02', '{0,4,5}', 'T6 COII 14-24 SFS'),
    ('00000000-0000-0000-0000-0000000000d6', '00000000-0000-0000-0000-0000000000b9', '00000000-0000-0000-0000-000000000c02', '{0,4,5}', 'T6 COII 18-04 SFS'),
    ('00000000-0000-0000-0000-0000000000d6', '00000000-0000-0000-0000-0000000000ba', '00000000-0000-0000-0000-000000000c02', '{0,4,5}', 'T6 COII 22-08 SFS'),
    ('00000000-0000-0000-0000-0000000000d6', '00000000-0000-0000-0000-0000000000b4', '00000000-0000-0000-0000-000000000c01', '{0,4,5}', 'T6 COI 08-18 SFS'),
    ('00000000-0000-0000-0000-0000000000d6', '00000000-0000-0000-0000-0000000000b4', '00000000-0000-0000-0000-000000000c03', '{0,4,5}', 'T6 SUP 08-18 SFS');

-- Team 7
INSERT INTO shift_slots (team_id, shift_template_id, classification_id, days_of_week, label) VALUES
    ('00000000-0000-0000-0000-0000000000d7', '00000000-0000-0000-0000-0000000000b1', '00000000-0000-0000-0000-000000000c02', '{1,2,6}', 'T7 COII 04-14 MTS'),
    ('00000000-0000-0000-0000-0000000000d7', '00000000-0000-0000-0000-0000000000b2', '00000000-0000-0000-0000-000000000c02', '{1,2,6}', 'T7 COII 06-16 MTS'),
    ('00000000-0000-0000-0000-0000000000d7', '00000000-0000-0000-0000-0000000000b4', '00000000-0000-0000-0000-000000000c02', '{1,2,6}', 'T7 COII 08-18 MTS'),
    ('00000000-0000-0000-0000-0000000000d7', '00000000-0000-0000-0000-0000000000b5', '00000000-0000-0000-0000-000000000c02', '{1,2,6}', 'T7 COII 12-22 MTS'),
    ('00000000-0000-0000-0000-0000000000d7', '00000000-0000-0000-0000-0000000000b7', '00000000-0000-0000-0000-000000000c02', '{1,2,6}', 'T7 COII 14-24 MTS'),
    ('00000000-0000-0000-0000-0000000000d7', '00000000-0000-0000-0000-0000000000b9', '00000000-0000-0000-0000-000000000c02', '{1,2,6}', 'T7 COII 18-04 MTS'),
    ('00000000-0000-0000-0000-0000000000d7', '00000000-0000-0000-0000-0000000000ba', '00000000-0000-0000-0000-000000000c02', '{1,2,6}', 'T7 COII 22-08 MTS'),
    ('00000000-0000-0000-0000-0000000000d7', '00000000-0000-0000-0000-0000000000b4', '00000000-0000-0000-0000-000000000c01', '{1,2,6}', 'T7 COI 08-18 MTS'),
    ('00000000-0000-0000-0000-0000000000d7', '00000000-0000-0000-0000-0000000000b4', '00000000-0000-0000-0000-000000000c03', '{1,2,6}', 'T7 SUP 08-18 MTS');

-- Team 8
INSERT INTO shift_slots (team_id, shift_template_id, classification_id, days_of_week, label) VALUES
    ('00000000-0000-0000-0000-0000000000d8', '00000000-0000-0000-0000-0000000000b1', '00000000-0000-0000-0000-000000000c02', '{0,3,4}', 'T8 COII 04-14 SWT'),
    ('00000000-0000-0000-0000-0000000000d8', '00000000-0000-0000-0000-0000000000b2', '00000000-0000-0000-0000-000000000c02', '{0,3,4}', 'T8 COII 06-16 SWT'),
    ('00000000-0000-0000-0000-0000000000d8', '00000000-0000-0000-0000-0000000000b4', '00000000-0000-0000-0000-000000000c02', '{0,3,4}', 'T8 COII 08-18 SWT'),
    ('00000000-0000-0000-0000-0000000000d8', '00000000-0000-0000-0000-0000000000b5', '00000000-0000-0000-0000-000000000c02', '{0,3,4}', 'T8 COII 12-22 SWT'),
    ('00000000-0000-0000-0000-0000000000d8', '00000000-0000-0000-0000-0000000000b7', '00000000-0000-0000-0000-000000000c02', '{0,3,4}', 'T8 COII 14-24 SWT'),
    ('00000000-0000-0000-0000-0000000000d8', '00000000-0000-0000-0000-0000000000b9', '00000000-0000-0000-0000-000000000c02', '{0,3,4}', 'T8 COII 18-04 SWT'),
    ('00000000-0000-0000-0000-0000000000d8', '00000000-0000-0000-0000-0000000000ba', '00000000-0000-0000-0000-000000000c02', '{0,3,4}', 'T8 COII 22-08 SWT'),
    ('00000000-0000-0000-0000-0000000000d8', '00000000-0000-0000-0000-0000000000b4', '00000000-0000-0000-0000-000000000c01', '{0,3,4}', 'T8 COI 08-18 SWT'),
    ('00000000-0000-0000-0000-0000000000d8', '00000000-0000-0000-0000-0000000000b4', '00000000-0000-0000-0000-000000000c03', '{0,3,4}', 'T8 SUP 08-18 SWT');

-- Team 9
INSERT INTO shift_slots (team_id, shift_template_id, classification_id, days_of_week, label) VALUES
    ('00000000-0000-0000-0000-0000000000d9', '00000000-0000-0000-0000-0000000000b1', '00000000-0000-0000-0000-000000000c02', '{1,5,6}', 'T9 COII 04-14 MFS'),
    ('00000000-0000-0000-0000-0000000000d9', '00000000-0000-0000-0000-0000000000b2', '00000000-0000-0000-0000-000000000c02', '{1,5,6}', 'T9 COII 06-16 MFS'),
    ('00000000-0000-0000-0000-0000000000d9', '00000000-0000-0000-0000-0000000000b4', '00000000-0000-0000-0000-000000000c02', '{1,5,6}', 'T9 COII 08-18 MFS'),
    ('00000000-0000-0000-0000-0000000000d9', '00000000-0000-0000-0000-0000000000b5', '00000000-0000-0000-0000-000000000c02', '{1,5,6}', 'T9 COII 12-22 MFS'),
    ('00000000-0000-0000-0000-0000000000d9', '00000000-0000-0000-0000-0000000000b7', '00000000-0000-0000-0000-000000000c02', '{1,5,6}', 'T9 COII 14-24 MFS'),
    ('00000000-0000-0000-0000-0000000000d9', '00000000-0000-0000-0000-0000000000b9', '00000000-0000-0000-0000-000000000c02', '{1,5,6}', 'T9 COII 18-04 MFS'),
    ('00000000-0000-0000-0000-0000000000d9', '00000000-0000-0000-0000-0000000000ba', '00000000-0000-0000-0000-000000000c02', '{1,5,6}', 'T9 COII 22-08 MFS'),
    ('00000000-0000-0000-0000-0000000000d9', '00000000-0000-0000-0000-0000000000b4', '00000000-0000-0000-0000-000000000c01', '{1,5,6}', 'T9 COI 08-18 MFS'),
    ('00000000-0000-0000-0000-0000000000d9', '00000000-0000-0000-0000-0000000000b4', '00000000-0000-0000-0000-000000000c03', '{1,5,6}', 'T9 SUP 08-18 MFS');

-- Team 10
INSERT INTO shift_slots (team_id, shift_template_id, classification_id, days_of_week, label) VALUES
    ('00000000-0000-0000-0000-0000000000da', '00000000-0000-0000-0000-0000000000b1', '00000000-0000-0000-0000-000000000c02', '{2,4,6}', 'T10 COII 04-14 WFS'),
    ('00000000-0000-0000-0000-0000000000da', '00000000-0000-0000-0000-0000000000b2', '00000000-0000-0000-0000-000000000c02', '{2,4,6}', 'T10 COII 06-16 WFS'),
    ('00000000-0000-0000-0000-0000000000da', '00000000-0000-0000-0000-0000000000b4', '00000000-0000-0000-0000-000000000c02', '{2,4,6}', 'T10 COII 08-18 WFS'),
    ('00000000-0000-0000-0000-0000000000da', '00000000-0000-0000-0000-0000000000b5', '00000000-0000-0000-0000-000000000c02', '{2,4,6}', 'T10 COII 12-22 WFS'),
    ('00000000-0000-0000-0000-0000000000da', '00000000-0000-0000-0000-0000000000b7', '00000000-0000-0000-0000-000000000c02', '{2,4,6}', 'T10 COII 14-24 WFS'),
    ('00000000-0000-0000-0000-0000000000da', '00000000-0000-0000-0000-0000000000b9', '00000000-0000-0000-0000-000000000c02', '{2,4,6}', 'T10 COII 18-04 WFS'),
    ('00000000-0000-0000-0000-0000000000da', '00000000-0000-0000-0000-0000000000ba', '00000000-0000-0000-0000-000000000c02', '{2,4,6}', 'T10 COII 22-08 WFS'),
    ('00000000-0000-0000-0000-0000000000da', '00000000-0000-0000-0000-0000000000b4', '00000000-0000-0000-0000-000000000c01', '{2,4,6}', 'T10 COI 08-18 WFS'),
    ('00000000-0000-0000-0000-0000000000da', '00000000-0000-0000-0000-0000000000b4', '00000000-0000-0000-0000-000000000c03', '{2,4,6}', 'T10 SUP 08-18 WFS');

COMMIT;
